ID_aeroport;Nom_aeroport;Code_aeroport;Ville;Pays
2;Honiara International Airport;AGGH;Honiara;SB-GU
3;Port Moresby Jacksons International Airport;AYPY;Port Moresby;PG-NCD
4;Keflavik International Airport;BIKF;ReykjavÃ­k;IS-2
5;Edmonton International Airport;CYEG;Edmonton;CA-AB
6;Halifax / Stanfield International Airport;CYHZ;Halifax;CA-NS
7;Ottawa Macdonald-Cartier International Airport;CYOW;Ottawa;CA-ON
8;Quebec Jean Lesage International Airport;CYQB;Quebec;CA-QC
9;Montreal / Pierre Elliott Trudeau International Airport;CYUL;MontrÃ©al;CA-QC
10;Vancouver International Airport;CYVR;Vancouver;CA-BC
11;Winnipeg / James Armstrong Richardson International Airport;CYWG;Winnipeg;CA-MB
12;Prince George Airport;CYXS;Prince George;CA-BC
13;Abbotsford International Airport;CYXX;Abbotsford;CA-BC
14;Calgary International Airport;CYYC;Calgary;CA-AB
15;Victoria International Airport;CYYJ;Victoria;CA-BC
16;St. John's International Airport;CYYT;St. John's;CA-NL
17;Lester B. Pearson International Airport;CYYZ;Toronto;CA-ON
18;Houari Boumediene Airport;DAAG;Algiers;DZ-16
19;Kotoka International Airport;DGAA;Accra;GH-AA
20;Nnamdi Azikiwe International Airport;DNAA;Abuja;NG-FC
21;Murtala Muhammed International Airport;DNMM;Lagos;NG-LA
22;Diori Hamani International Airport;DRRN;Niamey;NE-8
23;Tunis Carthage International Airport;DTTA;Tunis;TN-11
24;Brussels Airport;EBBR;Zaventem;BE-BRU
25;Berlin Brandenburg Airport;EDDB;Berlin;DE-BR
26;Frankfurt Airport;EDDF;Frankfurt am Main;DE-HE
27;Hamburg Helmut Schmidt Airport;EDDH;Hamburg;DE-HH
28;Cologne Bonn Airport;EDDK;KÃ¶ln (Cologne);DE-NW
29;DÃ¼sseldorf Airport;EDDL;DÃ¼sseldorf;DE-NW
30;Munich Airport;EDDM;Munich;DE-BY
31;Nuremberg Airport;EDDN;Nuremberg;DE-BY
32;Leipzig/Halle Airport;EDDP;Leipzig;DE-SN
33;Stuttgart Airport;EDDS;Stuttgart;DE-BW
34;Hannover Airport;EDDV;Hannover;DE-NI
35;Lennart Meri Tallinn Airport;EETN;Tallinn;EE-37
36;Helsinki Vantaa Airport;EFHK;Helsinki;FI-18
37;Belfast International Airport;EGAA;Belfast;GB-NIR
38;Birmingham International Airport;EGBB;Birmingham;GB-ENG
39;Manchester Airport;EGCC;Manchester;GB-ENG
40;London Luton Airport;EGGW;London;GB-ENG
41;London Gatwick Airport;EGKK;London;GB-ENG
42;London Heathrow Airport;EGLL;London;GB-ENG
43;Glasgow International Airport;EGPF;Paisley, Renfrewshire;GB-SCT
44;Edinburgh Airport;EGPH;Edinburgh;GB-SCT
45;London Stansted Airport;EGSS;London;GB-ENG
46;Amsterdam Airport Schiphol;EHAM;Amsterdam;NL-NH
47;Eindhoven Airport;EHEH;Eindhoven;NL-NB
48;Ezhou Huahu Airport;EHU;Ezhou;CN-13
49;Dublin Airport;EIDW;Dublin;IE-D
50;Shannon Airport;EINN;Shannon;IE-CE
51;Billund Airport;EKBI;Billund;DK-83
52;Copenhagen Kastrup Airport;EKCH;Copenhagen;DK-84
53;Luxembourg-Findel International Airport;ELLX;Luxembourg;LU-L
54;Bergen Airport, Flesland;ENBR;Bergen;NO-46
55;Oslo Airport, Gardermoen;ENGM;Oslo;NO-30
56;TromsÃ¸ Airport, Langnes;ENTC;TromsÃ¸;NO-54
57;Trondheim Airport, VÃ¦rnes;ENVA;Trondheim;NO-50
58;Stavanger Airport, Sola;ENZV;Stavanger;NO-11
59;GdaÅ„sk Lech WaÅ‚Ä™sa Airport;EPGD;GdaÅ„sk;PL-PM
60;KrakÃ³w John Paul II International Airport;EPKK;KrakÃ³w;PL-MA
61;Warsaw Chopin Airport;EPWA;Warsaw;PL-MZ
62;Gothenburg-Landvetter Airport;ESGG;Gothenburg;SE-Q
63;Stockholm-Arlanda Airport;ESSA;Stockholm;SE-AB
64;Riga International Airport;EVRA;Riga;LV-062
65;Vilnius International Airport;EYVI;Vilnius;LT-VL
66;Cape Town International Airport;FACT;Cape Town;ZA-WC
67;King Shaka International Airport;FALE;Durban;ZA-NL
68;OR Tambo International Airport;FAOR;Johannesburg;ZA-GT
69;Sir Seretse Khama International Airport;FBSK;Gaborone;BW-GA
70;King Mswati III International Airport;FDSK;Mpaka;SZ-LU
71;Sir Seewoosagur Ramgoolam International Airport;FIMP;Plaine Magnien;MU-GP
72;Kenneth Kaunda International Airport;FLLS;Lusaka;ZM-09
73;Roland Garros Airport;FMEE;Sainte-Marie;RE-SD
74;Ivato Airport;FMMI;Antananarivo;MG-T
75;Quatro de Fevereiro International Airport;FNLU;Luanda;AO-LUA
76;Maputo Airport;FQMA;Maputo;MZ-MPM
77;Seychelles International Airport;FSIA;Mahe Island;SC-20
78;N'Djamena International Airport;FTTJ;N'Djamena;TD-ND
79;Robert Gabriel Mugabe International Airport;FVHA;Harare;ZW-HA
80;Hosea Kutako International Airport;FYWH;Windhoek;NA-KH
81;Ndjili International Airport;FZAA;Kinshasa;CD-KN
82;Modibo Keita International Airport;GABS;Bamako;ML-2
83;Banjul International Airport;GBYD;Banjul;GM-W
84;Fuerteventura Airport;GCFV;El Matorral;ES-CN
85;Gran Canaria Airport;GCLP;Gran Canaria Island;ES-CN
86;CÃ©sar Manrique-Lanzarote Airport;GCRR;San BartolomÃ©;ES-CN
87;Tenerife Sur Airport;GCTS;Tenerife;ES-CN
88;Lungi International Airport;GFLL;Freetown (Lungi-Town);SL-N
89;Roberts International Airport;GLRB;Monrovia;LR-MG
90;Mohammed V International Airport;GMMN;Casablanca;MA-CAS
91;Blaise Diagne International Airport;GOBD;Dakar;SN-DK
92;Nouakchottâ€“Oumtounsy International Airport;GQNO;Nouakchott;MR-NKC
93;AmÃ­lcar Cabral International Airport;GVAC;Espargos;CV-B
94;Addis Ababa Bole International Airport;HAAB;Addis Ababa;ET-AA
95;Djibouti-Ambouli Airport;HDAM;Djibouti City;DJ-DJ
96;Cairo International Airport;HECA;Cairo;EG-C
97;Hurghada International Airport;HEGN;Hurghada;EG-BA
98;Sharm El Sheikh International Airport;HESH;Sharm El Sheikh;EG-JS
99;Juba International Airport;HJJJ;Juba;SS-17
100;Jomo Kenyatta International Airport;HKJK;Nairobi;KE-110
101;Moi International Airport;HKMO;Mombasa;KE-300
102;Mitiga International Airport;HLLM;Tripoli;LY-TB
103;Kigali International Airport;HRYR;Kigali;RW-01
104;Khartoum International Airport;HSSK;Khartoum;SD-03
105;Julius Nyerere International Airport;HTDA;Dar es Salaam;TZ-02
106;Abeid Amani Karume International Airport;HTZA;Zanzibar;TZ-07
107;Entebbe International Airport;HUEN;Kampala;UG-C
108;Joint Base Andrews;KADW;Camp Springs;US-MD
109;Hartsfield Jackson Atlanta International Airport;KATL;Atlanta;US-GA
110;Austin Bergstrom International Airport;KAUS;Austin;US-TX
111;Nashville International Airport;KBNA;Nashville;US-TN
112;Logan International Airport;KBOS;Boston;US-MA
113;Buffalo Niagara International Airport;KBUF;Buffalo;US-NY
114;Baltimore/Washington International Thurgood Marshall Airport;KBWI;Baltimore;US-MD
115;Cleveland Hopkins International Airport;KCLE;Cleveland;US-OH
116;Charlotte Douglas International Airport;KCLT;Charlotte;US-NC
117;Camarillo International Airport;KCMA;Camarillo;US-CA
118;John Glenn Columbus International Airport;KCMH;Columbus;US-OH
119;Cincinnati Northern Kentucky International Airport;KCVG;Cincinnati / Covington;US-KY
120;Ronald Reagan Washington National Airport;KDCA;Washington;US-DC
121;Denver International Airport;KDEN;Denver;US-CO
122;Dallas Fort Worth International Airport;KDFW;Dallas-Fort Worth;US-TX
123;Detroit Metropolitan Wayne County Airport;KDTW;Detroit;US-MI
124;Newark Liberty International Airport;KEWR;Newark;US-NJ
125;Fort Lauderdale Hollywood International Airport;KFLL;Fort Lauderdale;US-FL
126;Washington Dulles International Airport;KIAD;Dulles;US-VA
127;George Bush Intercontinental Houston Airport;KIAH;Houston;US-TX
128;Indianapolis International Airport;KIND;Indianapolis;US-IN
129;Jacksonville International Airport;KJAX;Jacksonville;US-FL
130;John F Kennedy International Airport;KJFK;New York;US-NY
131;Harry Reid International Airport;KLAS;Las Vegas;US-NV
132;Los Angeles International Airport;KLAX;Los Angeles;US-CA
133;La Guardia Airport;KLGA;New York;US-NY
134;Kansas City International Airport;KMCI;Kansas City;US-MO
135;Orlando International Airport;KMCO;Orlando;US-FL
136;Chicago Midway International Airport;KMDW;Chicago;US-IL
137;Memphis International Airport;KMEM;Memphis;US-TN
138;Miami International Airport;KMIA;Miami;US-FL
139;General Mitchell International Airport;KMKE;Milwaukee;US-WI
140;Minneapolisâ€“Saint Paul International Airport / Woldâ€“Chamberlain Field;KMSP;Minneapolis;US-MN
141;Louis Armstrong New Orleans International Airport;KMSY;New Orleans;US-LA
142;Metropolitan Oakland International Airport;KOAK;Oakland;US-CA
143;Eppley Airfield;KOMA;Omaha;US-NE
144;Ontario International Airport;KONT;Ontario;US-CA
145;Chicago O'Hare International Airport;KORD;Chicago;US-IL
146;Palm Beach International Airport;KPBI;West Palm Beach;US-FL
147;Portland International Airport;KPDX;Portland;US-OR
148;Philadelphia International Airport;KPHL;Philadelphia;US-PA
149;Phoenix Sky Harbor International Airport;KPHX;Phoenix;US-AZ
150;Pittsburgh International Airport;KPIT;Pittsburgh;US-PA
151;Theodore Francis Green State Airport;KPVD;Warwick;US-RI
152;Portland International Jetport;KPWM;Portland;US-ME
153;Raleigh Durham International Airport;KRDU;Raleigh/Durham;US-NC
154;Richmond International Airport;KRIC;Richmond;US-VA
155;Reno Tahoe International Airport;KRNO;Reno;US-NV
156;Southwest Florida International Airport;KRSW;Fort Myers;US-FL
157;San Diego International Airport;KSAN;San Diego;US-CA
158;San Antonio International Airport;KSAT;San Antonio;US-TX
159;Savannah Hilton Head International Airport;KSAV;Savannah;US-GA
160;Louisville Muhammad Ali International Airport;KSDF;Louisville;US-KY
161;Seattleâ€“Tacoma International Airport;KSEA;Seattle;US-WA
162;Orlando Sanford International Airport;KSFB;Orlando;US-FL
163;San Francisco International Airport;KSFO;San Francisco;US-CA
164;Norman Y. Mineta San Jose International Airport;KSJC;San Jose;US-CA
165;Salt Lake City International Airport;KSLC;Salt Lake City;US-UT
166;Sacramento International Airport;KSMF;Sacramento;US-CA
167;John Wayne Airport-Orange County Airport;KSNA;Santa Ana;US-CA
168;St Louis Lambert International Airport;KSTL;St Louis;US-MO
169;Syracuse Hancock International Airport;KSYR;Syracuse;US-NY
170;Tampa International Airport;KTPA;Tampa;US-FL
171;Tulsa International Airport;KTUL;Tulsa;US-OK
172;Tirana International Airport Mother Teresa;LATI;Tirana;AL-11
173;Burgas Airport;LBBG;Burgas;BG-02
174;Sofia Airport;LBSF;Sofia;BG-23
175;Varna Airport;LBWN;Varna;BG-03
176;Larnaca International Airport;LCLK;Larnaca;CY-04
177;Zagreb Airport;LDZA;Zagreb;HR-21
178;Alicante-Elche Miguel HernÃ¡ndez Airport;LEAL;Alicante;ES-VC
179;Josep Tarradellas Barcelona-El Prat Airport;LEBL;Barcelona;ES-CT
180;Ibiza Airport;LEIB;Ibiza (Eivissa);ES-IB
181;Adolfo SuÃ¡rez Madridâ€“Barajas Airport;LEMD;Madrid;ES-MD
182;MÃ¡laga-Costa del Sol Airport;LEMG;MÃ¡laga;ES-AN
183;Palma de Mallorca Airport;LEPA;Palma de Mallorca;ES-IB
184;Santiago-RosalÃ­a de Castro Airport;LEST;Santiago de Compostela;ES-GA
185;Bordeaux-MÃ©rignac Airport;LFBD;Bordeaux/MÃ©rignac;FR-NAQ
186;Toulouse-Blagnac Airport;LFBO;Toulouse/Blagnac;FR-OCC
187;Lyon Saint-ExupÃ©ry Airport;LFLL;Lyon;FR-ARA
188;Marseille Provence Airport;LFML;Marseille;FR-PAC
189;Nice-CÃ´te d'Azur Airport;LFMN;Nice;FR-PAC
190;Charles de Gaulle International Airport;LFPG;Paris;FR-IDF
191;Paris-Orly Airport;LFPO;Paris;FR-IDF
192;EuroAirport Basel-Mulhouse-Freiburg Airport;LFSB;BÃ¢le/Mulhouse;FR-GES
193;Athens Eleftherios Venizelos International Airport;LGAV;Athens;GR-I
194;Heraklion International Nikos Kazantzakis Airport;LGIR;Heraklion;GR-M
195;Thessaloniki Macedonia International Airport;LGTS;Thessaloniki;GR-B
196;Budapest Liszt Ferenc International Airport;LHBP;Budapest;HU-PE
197;Bari Karol WojtyÅ‚a Airport;LIBD;Bari;IT-75
198;Brindisi Airport;LIBR;Brindisi;IT-75
199;Catania-Fontanarossa Airport;LICC;Catania;IT-82
200;Falconeâ€“Borsellino Airport;LICJ;Palermo;IT-82
201;Cagliari Elmas Airport;LIEE;Cagliari;IT-88
202;Malpensa International Airport;LIMC;Milan;IT-25
203;Milan Bergamo Airport;LIME;Milan;IT-25
204;Turin Airport;LIMF;Torino;IT-21
205;Bologna Guglielmo Marconi Airport;LIPE;Bologna;IT-45
206;Verona-Villafranca Valerio Catullo Airport;LIPX;Villafranca di Verona;IT-34
207;Venice Marco Polo Airport;LIPZ;Venice;IT-34
208;Romeâ€“Fiumicino Leonardo da Vinci International Airport;LIRF;Rome;IT-62
209;Naples International Airport;LIRN;Napoli;IT-72
210;Pisa International Airport;LIRP;Pisa;IT-52
211;Ljubljana JoÅ¾e PuÄnik Airport;LJLJ;Ljubljana;SI-061
212;VÃ¡clav Havel Airport Prague;LKPR;Prague;CZ-PR
213;Ben Gurion International Airport;LLBG;Tel Aviv;IL-M
214;Ramon International Airport;LLER;Eilat;IL-D
215;Malta International Airport;LMML;Valletta;MT-25
216;Vienna International Airport;LOWW;Vienna;AT-9
217;Faro Airport;LPFR;Faro;PT-08
218;JoÃ£o Paulo II Airport;LPPD;Ponta Delgada;PT-20
219;Francisco de SÃ¡ Carneiro Airport;LPPR;Porto;PT-13
220;Humberto Delgado Airport (Lisbon Portela Airport);LPPT;Lisbon;PT-11
221;Henri CoandÄƒ International Airport;LROP;Bucharest;RO-IF
222;Geneva Cointrin International Airport;LSGG;Geneva;CH-GE
223;ZÃ¼rich Airport;LSZH;Zurich;CH-ZH
224;EsenboÄŸa International Airport;LTAC;Ankara;TR-06
225;Antalya International Airport;LTAI;Antalya;TR-07
226;Ä°stanbul AtatÃ¼rk Airport;LTBA;BakÄ±rkÃ¶y, Istanbul;TR-34
227;Adnan Menderes International Airport;LTBJ;Ä°zmir;TR-35
228;Dalaman International Airport;LTBS;Dalaman;TR-48
229;Milas Bodrum International Airport;LTFE;Bodrum;TR-48
230;Istanbul Sabiha GÃ¶kÃ§en International Airport;LTFJ;Pendik, Istanbul;TR-34
231;Ä°stanbul Airport;LTFM;ArnavutkÃ¶y, Istanbul;TR-34
232;Skopje International Airport;LWSK;Skopje;MK-004
233;Belgrade Nikola Tesla Airport;LYBE;Belgrade;RS-00
234;Podgorica Airport / Podgorica Golubovci Airbase;LYPG;Podgorica;ME-16
235;M. R. Å tefÃ¡nik Airport;LZIB;Bratislava;SK-BL
236;Providenciales International Airport;MBPV;Providenciales;TC-PR
237;Punta Cana International Airport;MDPC;Punta Cana;DO-11
238;Las AmÃ©ricas International Airport;MDSD;Santo Domingo;DO-01
239;La Aurora Airport;MGGT;Guatemala City;GT-GU
240;Norman Manley International Airport;MKJP;Kingston;JM-01
241;Aeropuerto Internacional Juan N. Ãlvarez;MMAA;Ciudad de Acapulco;MX-GRO
242;Aeropuerto Internacional de Cozumel;MMCZ;Ciudad de Cozumel;MX-ROO
243;Aeropuerto Internacional Gral, Guadalupe Victoria;MMDO;Ciudad de Durango;MX-DUR
244;Aeropuerto Internacional Miguel Hidalgo;MMGL;Ciudad de Tlajomulco de ZÃºÃ±iga;MX-JAL
245;General Ignacio P. Garcia International Airport;MMHO;Hermosillo;MX-SON
246;Aeropuerto Internacional Del BajÃ­o;MMLO;Ciudad de Silao;MX-GUA
247;Aeropuerto Internacional Manuel Crescencio RejÃ³n;MMMD;Ciudad de MÃ©rida;MX-YUC
248;Aeropuerto Internacional Lic. Benito JuÃ¡rez;MMMX;Ciudad de MÃ©xico;MX-DIF
249;Aeropuerto Internacional Gral. Mariano Escobedo;MMMY;Ciudad de Apodaca;MX-NLE
250;Aeropuerto Internacional Gral. Rafael Buelna;MMMZ;Ciudad de MazatlÃ n;MX-SIN
251;Aeropuerto Internacional Lic. Gustavo DÃ­az Ordaz;MMPR;Ciudad de Puerto Vallarta;MX-JAL
252;Aeropuerto Internacional de Los Cabos;MMSD;Ciudad de San JosÃ© del Cabo;MX-BCS
253;General Felipe Ãngeles International Airport;MMSM;Mexico City;MX-MEX
254;Aeropuerto Internacional Gral. Abelardo Rodriguez;MMTJ;Ciudad de Tijuana;MX-BCN
255;Aeropuerto Internacional Adolfo LÃ³pez Mateos;MMTO;Ciudad de Toluca;MX-MEX
256;Aeropuerto Internacional de CancÃºn;MMUN;Ciudad de CancÃºn;MX-ROO
257;Tocumen International Airport;MPTO;Tocumen;PA-8
258;Guanacaste Airport;MRLB;Liberia;CR-G
259;MonseÃ±or Ã“scar Arnulfo Romero International Airport;MSLP;San Salvador (San Luis Talpa);SV-PA
260;Toussaint Louverture International Airport;MTPP;Port-au-Prince;HT-OU
261;JosÃ© MartÃ­ International Airport;MUHA;Havana;CU-03
262;Juan Gualberto Gomez International Airport;MUVR;Matanzas;CU-04
263;Owen Roberts International Airport;MWCR;Georgetown;KY-U-A
264;Lynden Pindling International Airport;MYNN;Nassau;BS-NP
265;Philip S. W. Goldson International Airport;MZBZ;Belize City;BZ-BZ
266;Faa'a International Airport;NTAA;Papeete;PF-U-A
267;Bauerfield International Airport;NVVV;Port Vila;VU-SEE
268;NoumÃ©a Magenta Airport;NWWM;NoumÃ©a;NC-U-A
269;Auckland International Airport;NZAA;Auckland;NZ-AUK
270;Christchurch International Airport;NZCH;Christchurch;NZ-CAN
271;Wellington International Airport;NZWN;Wellington;NZ-WGN
272;Bahrain International Airport;OBBI;Manama;BH-15
273;King Fahd International Airport;OEDF;Ad Dammam;SA-04
274;King Abdulaziz Air Base;OEDR;Dhahran;SA-04
275;King Abdulaziz International Airport;OEJN;Jeddah;SA-02
276;Prince Mohammad Bin Abdulaziz Airport;OEMA;Medina;SA-03
277;King Khaled International Airport;OERK;Riyadh;SA-01
278;Imam Khomeini International Airport;OIIE;Tehran;IR-23
279;Mehrabad International Airport;OIII;Tehran;IR-23
280;Mashhad International Airport;OIMM;Mashhad;IR-09
281;Shiraz Shahid Dastghaib International Airport;OISS;Shiraz;IR-07
282;Queen Alia International Airport;OJAI;Amman;JO-AM
283;Kuwait International Airport;OKBK;Kuwait City;KW-FA
284;Beirut Rafic Hariri International Airport;OLBA;Beirut;LB-JL
285;Duqm International Airport;OM-0003;Duqm;OM-WU
286;Abu Dhabi International Airport;OMAA;Abu Dhabi;AE-AZ
287;Dubai International Airport;OMDB;Dubai;AE-DU
288;Al Maktoum International Airport;OMDW;Jebel Ali;AE-DU
289;Sharjah International Airport;OMSJ;Sharjah;AE-SH
290;Muscat International Airport;OOMS;Muscat;OM-MA
291;Islamabad International Airport;OPIS;Attock;PK-PB
292;Jinnah International Airport;OPKC;Karachi;PK-SD
293;Allama Iqbal International Airport;OPLA;Lahore;PK-PB
294;Baghdad International Airport / New Al Muthana Air Base;ORBI;Baghdad;IQ-BG
295;Damascus International Airport;OSDI;Damascus;SY-DI
296;Hamad International Airport;OTHH;Doha;QA-DA
297;Fairbanks International Airport;PAFA;Fairbanks;US-AK
298;Ted Stevens Anchorage International Airport;PANC;Anchorage;US-AK
299;Antonio B. Won Pat International Airport;PGUM;HagÃ¥tÃ±a;GU-U-A
300;Daniel K Inouye International Airport;PHNL;Honolulu;US-HI
301;Kaohsiung International Airport;RCKH;Kaohsiung (Xiaogang);TW-KHH
302;Taiwan Taoyuan International Airport;RCTP;Taoyuan (Dayuan);TW-TAO
303;Narita International Airport;RJAA;Narita;JP-12
304;Kansai International Airport;RJBB;Osaka;JP-27
305;New Chitose Airport;RJCC;Sapporo;JP-01
306;Fukuoka Airport;RJFF;Fukuoka;JP-40
307;Kagoshima Airport;RJFK;Kagoshima;JP-46
308;Chubu Centrair International Airport;RJGG;Tokoname;JP-23
309;Osaka International Airport;RJOO;Osaka;JP-27
310;Sendai Airport;RJSS;Natori;JP-04
311;Tokyo Haneda International Airport;RJTT;Tokyo;JP-13
312;Yokota Air Base;RJTY;Fussa;JP-13
313;Muan International Airport;RKJB;Piseo-ri (Muan);KR-46
314;Jeju International Airport;RKPC;Jeju City;KR-49
315;Gimhae International Airport;RKPK;Busan;KR-26
316;Incheon International Airport;RKSI;Seoul;KR-28
317;Gimpo International Airport;RKSS;Seoul;KR-11
318;Naha Airport / JASDF Naha Air Base;ROAH;Naha;JP-47
319;Kadena Air Base;RODN;;JP-47
320;Ninoy Aquino International Airport;RPLL;;PH-00
321;Francisco Bangoy International Airport;RPMD;;PH-DAS
322;Mactan Cebu International Airport;RPVM;;PH-CEB
323;Lipetsk Air Base;RU-0016;;RU-LIP
324;Jorge Newbery Airpark;SABE;;AR-C
325;Minister Pistarini International Airport;SAEZ;;AR-B
326;Val de Cans/JÃºlio Cezar Ribeiro International Airport;SBBE;;BR-PA
327;Presidente Juscelino Kubitschek International Airport;SBBR;;BR-DF
328;Tancredo Neves International Airport;SBCF;;BR-MG
329;Eduardo Gomes International Airport;SBEG;;BR-AM
330;HercÃ­lio Luz International Airport;SBFL;;BR-SC
331;Rio GaleÃ£o â€“ Tom Jobim International Airport;SBGL;;BR-RJ
332;Guarulhos - Governador AndrÃ© Franco Montoro International Airport;SBGR;;BR-SP
333;Deputado Luiz Eduardo MagalhÃ£es International Airport;SBSV;;BR-BA
334;Comodoro Arturo Merino BenÃ­tez International Airport;SCEL;;CL-RM
335;JosÃ© JoaquÃ­n de Olmedo International Airport;SEGU;;EC-G
336;Mariscal Sucre International Airport;SEQM;;EC-P
337;Aeropuerto Internacional Silvio Pettirossi;SGAS;;PY-11
338;Aeropuerto Internacional GuaranÃ­;SGES;;PY-10
339;Aeropuerto Internacional Dr. Luis Maria ArgaÃ±a;SGME;;PY-19
340;Aeropuerto Internacional Dr. Augusto Roberto Fuster;SGPJ;;PY-13
341;El Dorado International Airport;SKBO;;CO-CUN
342;Viru Viru International Airport;SLVR;;BO-S
343;Johan Adolf Pengel International Airport;SMJP;;SR-PR
344;Cayenne â€“ FÃ©lix EbouÃ© Airport;SOCA;;GF-CY
345;Jorge ChÃ¡vez International Airport;SPIM;;PE-LIM
346;Alejandro Velasco Astete International Airport;SPZO;;PE-CUS
347;Carrasco General CesÃ¡reo L. Berisso International Airport;SUMU;;UY-CA
348;General JosÃ© Antonio Anzoategui International Airport;SVBC;;VE-B
349;SimÃ³n BolÃ­var International Airport;SVMI;;VE-X
350;Qingdao Jiaodong International Airport;TAO;;CN-37
351;Martinique AimÃ© CÃ©saire International Airport;TFFF;;MQ-U-A
352;Pointe-Ã -Pitre Le Raizet International  Airport;TFFR;;GP-U-A
353;Luis Munoz Marin International Airport;TJSJ;;PR-U-A
354;Hewanorra International Airport;TLPL;;LC-11
355;Queen Beatrix International Airport;TNCA;;AW-U-A
356;Flamingo International Airport;TNCB;;BQ-U-A
357;Hato International Airport;TNCC;;CW-U-A
358;Princess Juliana International Airport;TNCM;;SX-U-A
359;Almaty International Airport;UAAA;;KZ-ALA
360;Nursultan Nazarbayev International Airport;UACC;;KZ-AKM
361;Manas International Airport;UAFM;;KG-C
362;Hazrat Sultan International Airport;UAIT;;KZ-YUZ
363;Heydar Aliyev International Airport;UBBB;;AZ-BA
364;Zvartnots International Airport;UDYZ;;AM-ER
365;Tbilisi International Airport;UGTB;;GE-TB
366;Vladivostok International Airport;UHWW;;RU-PRI
367;Boryspil International Airport;UKBB;;UA-32
368;Lviv International Airport;UKLL;;UA-46
369;Pulkovo Airport;ULLI;;RU-SPE
370;Minsk National Airport;UMMS;;BY-MI
371;Krasnoyarsk International Airport;UNKL;;RU-KYA
372;Novosibirsk Tolmachevo Airport;UNNT;;RU-NVS
373;Platov International Airport;URRP;;RU-ROS
374;Sochi International Airport;URSS;;RU-KDA
375;Koltsovo Airport;USSS;;RU-SVE
376;Ashgabat International Airport;UTAA;;TM-S
377;Tashkent International Airport;UTTT;;UZ-TO
378;Zhukovsky International Airport;UUBW;;RU-MOS
379;Domodedovo International Airport;UUDD;;RU-MOS
380;Sheremetyevo International Airport;UUEE;;RU-MOS
381;Vnukovo International Airport;UUWW;;RU-MOS
382;Kazan International Airport;UWKD;;RU-TA
383;Gagarin International Airport;UWSG;;RU-SAR
384;Ufa International Airport;UWUU;;RU-BA
385;Kurumoch International Airport;UWWW;;RU-SAM
386;Chhatrapati Shivaji International Airport;VABB;;IN-MM
387;Dabolim Airport;VAGO;;IN-GA
388;Bandaranaike International Colombo Airport;VCBI;;LK-1
389;Mattala Rajapaksa International Airport;VCRI;;LK-3
390;Phnom Penh International Airport;VDPP;;KH-12
391;Siem Reap International Airport;VDSR;;KH-17
392;Netaji Subhash Chandra Bose International Airport;VECC;;IN-WB
393;Hazrat Shahjalal International Airport;VGZR;;BD-3
394;Hong Kong International Airport;VHHH;;HK-NT
395;Indira Gandhi International Airport;VIDP;;IN-DL
396;Macau International Airport;VMMC;;MO-CAR
397;Tribhuvan International Airport;VNKT;;NP-P3
398;Kempegowda International Airport;VOBL;;IN-KA
399;Cochin International Airport;VOCI;;IN-KL
400;Rajiv Gandhi International Airport;VOHS;;IN-TG
401;Chennai International Airport;VOMM;;IN-TN
402;Trivandrum International Airport;VOTV;;IN-KL
403;MalÃ© International Airport;VRMM;;MV-MLE
404;Don Mueang International Airport;VTBD;;TH-10
405;Suvarnabhumi Airport;VTBS;;TH-10
406;Chiang Mai International Airport;VTCC;;TH-50
407;Phuket International Airport;VTSP;;TH-83
408;Noi Bai International Airport;VVNB;;VN-RRD
409;Tan Son Nhat International Airport;VVTS;;VN-SE
410;Mandalay International Airport;VYMD;;MM-04
411;Yangon International Airport;VYYY;;MM-06
412;Hasanuddin International Airport;WAAA;;ID-SN
413;Ngurah Rai (Bali) International Airport;WADD;;ID-BA
414;Dortheys Hiyo Eluay International Airport;WAJJ;;ID-PA
415;Sultan Aji Muhammad Sulaiman Sepinggan International Airport;WALL;;ID-KI
416;Juanda International Airport;WARR;;ID-JI
417;Brunei International Airport;WBSB;;BN-BM
418;Soekarno-Hatta International Airport;WIII;;ID-BT
419;Kualanamu International Airport;WIMM;;ID-SU
420;Kuala Lumpur International Airport;WMKK;;MY-10
421;Singapore Changi Airport;WSSS;;SG-04
422;Brisbane International Airport;YBBN;;AU-QLD
423;Melbourne International Airport;YMML;;AU-VIC
424;Yantai Penglai International Airport;YNT;;CN-37
425;Adelaide International Airport;YPAD;;AU-SA
426;Darwin International Airport / RAAF Darwin;YPDN;;AU-NT
427;Perth International Airport;YPPH;;AU-WA
428;Sydney Kingsford Smith International Airport;YSSY;;AU-NSW
429;Beijing Capital International Airport;ZBAA;;CN-11
430;Beijing Daxing International Airport;ZBAD;;CN-11
431;Hohhot Baita International Airport;ZBHH;;CN-15
432;Tianjin Binhai International Airport;ZBTJ;;CN-12
433;Taiyuan Wusu Airport;ZBYN;;CN-14
434;Guangzhou Baiyun International Airport;ZGGG;;CN-44
435;Changsha Huanghua International Airport;ZGHA;;CN-43
436;Guilin Liangjiang International Airport;ZGKL;;CN-45
437;Nanning Wuxu Airport;ZGNN;;CN-45
438;Shenzhen Bao'an International Airport;ZGSZ;;CN-44
439;Zhengzhou Xinzheng International Airport;ZHCC;;CN-41
440;Wuhan Tianhe International Airport;ZHHH;;CN-42
441;Haikou Meilan International Airport;ZJHK;;CN-46
442;Sanya Phoenix International Airport;ZJSY;;CN-46
443;Lanzhou Zhongchuan International Airport;ZLLL;;CN-62
444;Xi'an Xianyang International Airport;ZLXY;;CN-61
445;Ulaanbaatar Chinggis Khaan International Airport;ZMCK;;MN-047
446;Kunming Changshui International Airport;ZPPP;;CN-53
447;Xiamen Gaoqi International Airport;ZSAM;;CN-35
448;Nanchang Changbei International Airport;ZSCN;;CN-36
449;Fuzhou Changle International Airport;ZSFZ;;CN-35
450;Hangzhou Xiaoshan International Airport;ZSHC;;CN-33
451;Jinan Yaoqiang International Airport;ZSJN;;CN-37
452;Ningbo Lishe International Airport;ZSNB;;CN-33
453;Nanjing Lukou International Airport;ZSNJ;;CN-32
454;Shanghai Pudong International Airport;ZSPD;;CN-31
455;Shanghai Hongqiao International Airport;ZSSS;;CN-31
456;Wenzhou Longwan International Airport;ZSWZ;;CN-33
457;Chongqing Jiangbei International Airport;ZUCK;;CN-50
458;Guiyang Longdongbao International Airport;ZUGY;;CN-52
459;Chengdu Tianfu International Airport;ZUTF;;CN-51
460;Chengdu Shuangliu International Airport;ZUUU;;CN-51
461;ÃœrÃ¼mqi Diwopu International Airport;ZWWW;;CN-65
462;Changchun Longjia International Airport;ZYCC;;CN-22
463;Harbin Taiping International Airport;ZYHB;;CN-23
464;Dalian Zhoushuizi International Airport;ZYTL;;CN-21
465;Shenyang Taoxian International Airport;ZYTX;;CN-21
